{"Loss/train": [1.8053653240203857, 1.8635212182998657, 1.6922521591186523, 1.2539432048797607, 1.0689336061477661, 1.2296940088272095, 1.3369191884994507, 1.3097991943359375, 1.23015296459198, 1.3781582117080688, 1.27152419090271, 0.9395163655281067, 1.0890125036239624, 0.9636391401290894, 1.034844994544983, 1.2242169380187988, 1.0032806396484375, 1.107338309288025, 0.9331152439117432, 1.0285102128982544, 1.410261631011963, 1.2026000022888184, 0.9430025815963745, 1.321742057800293, 0.7557336091995239, 1.001205563545227, 0.7996574640274048, 1.019010305404663, 1.155907392501831, 0.8483196496963501, 0.9412980079650879, 1.0212311744689941, 0.8133026361465454, 1.241663932800293, 1.029742956161499, 0.8256946206092834, 0.9122729301452637, 0.9161662459373474, 0.8782635927200317, 0.901491105556488, 0.8029043078422546, 1.018759846687317, 1.1024985313415527, 1.1395541429519653, 1.0840264558792114, 0.907961368560791, 1.0673744678497314], "Accuracy/train": [0.21875, 0.3125, 0.515625, 0.703125, 0.734375, 0.65625, 0.671875, 0.671875, 0.6875, 0.640625, 0.65625, 0.734375, 0.6875, 0.765625, 0.765625, 0.59375, 0.671875, 0.6875, 0.71875, 0.671875, 0.671875, 0.65625, 0.6875, 0.59375, 0.796875, 0.71875, 0.765625, 0.671875, 0.640625, 0.765625, 0.640625, 0.671875, 0.8125, 0.65625, 0.640625, 0.75, 0.71875, 0.6875, 0.703125, 0.6875, 0.71875, 0.65625, 0.65625, 0.609375, 0.640625, 0.703125, 0.6333333333333333], "UAR/train": [0.21875, 0.3125, 0.515625, 0.703125, 0.734375, 0.65625, 0.671875, 0.671875, 0.6875, 0.640625, 0.65625, 0.734375, 0.6875, 0.765625, 0.765625, 0.59375, 0.671875, 0.6875, 0.71875, 0.671875, 0.671875, 0.65625, 0.6875, 0.59375, 0.796875, 0.71875, 0.765625, 0.671875, 0.640625, 0.765625, 0.640625, 0.671875, 0.8125, 0.65625, 0.640625, 0.75, 0.71875, 0.6875, 0.703125, 0.6875, 0.71875, 0.65625, 0.65625, 0.609375, 0.640625, 0.703125, 0.6333333333333333], "Loss/val": [0.640625, 0.765625, 0.828125, 0.65625, 0.6875, 0.65625, 0.6875], "Accuracy/val": [0.640625, 0.765625, 0.828125, 0.65625, 0.6875, 0.65625, 0.6875], "UAR/val": [0.640625, 0.765625, 0.828125, 0.65625, 0.6875, 0.65625, 0.6875], "_runtime": 224, "_timestamp": 1653754674, "_step": 0}