{"Loss/train": [0.902179479598999, 1.026631236076355, 1.0124210119247437, 0.780866265296936, 0.7810735702514648, 0.8899739384651184, 0.9037117958068848, 0.7919383645057678, 0.9365066289901733, 0.85684734582901, 0.8412148952484131, 0.5939304232597351, 0.7818976640701294, 0.7307453751564026, 0.8780732750892639, 0.9754612445831299, 0.8186060786247253, 0.8166496753692627, 0.6638466715812683, 0.7886046171188354, 1.0916314125061035, 1.0678092241287231, 0.7600095272064209, 1.1158835887908936, 0.5892466306686401, 0.8875696659088135, 0.6700403094291687, 0.8511115312576294, 0.9309224486351013, 0.7028007507324219, 0.7666025757789612, 0.8958725929260254, 0.7380128502845764, 1.1241387128829956, 0.9672414064407349, 0.771676778793335, 0.7712748050689697, 0.7540302276611328, 0.7179778814315796, 0.7900819182395935, 0.777094304561615, 0.9036420583724976, 1.045746088027954, 1.05353844165802, 0.9908334612846375, 0.8433236479759216, 0.8941869139671326], "Accuracy/train": [0.671875, 0.65625, 0.625, 0.765625, 0.734375, 0.734375, 0.65625, 0.6875, 0.703125, 0.65625, 0.71875, 0.8125, 0.75, 0.765625, 0.734375, 0.671875, 0.6875, 0.75, 0.78125, 0.6875, 0.671875, 0.640625, 0.75, 0.59375, 0.828125, 0.71875, 0.796875, 0.671875, 0.65625, 0.796875, 0.734375, 0.671875, 0.796875, 0.640625, 0.671875, 0.734375, 0.71875, 0.71875, 0.75, 0.703125, 0.734375, 0.65625, 0.625, 0.609375, 0.671875, 0.6875, 0.6333333333333333], "UAR/train": [0.671875, 0.65625, 0.625, 0.765625, 0.734375, 0.734375, 0.65625, 0.6875, 0.703125, 0.65625, 0.71875, 0.8125, 0.75, 0.765625, 0.734375, 0.671875, 0.6875, 0.75, 0.78125, 0.6875, 0.671875, 0.640625, 0.75, 0.59375, 0.828125, 0.71875, 0.796875, 0.671875, 0.65625, 0.796875, 0.734375, 0.671875, 0.796875, 0.640625, 0.671875, 0.734375, 0.71875, 0.71875, 0.75, 0.703125, 0.734375, 0.65625, 0.625, 0.609375, 0.671875, 0.6875, 0.6333333333333333], "Loss/val": [0.625, 0.734375, 0.828125, 0.71875, 0.71875, 0.703125, 0.8125], "Accuracy/val": [0.625, 0.734375, 0.828125, 0.71875, 0.71875, 0.703125, 0.8125], "UAR/val": [0.625, 0.734375, 0.828125, 0.71875, 0.71875, 0.703125, 0.8125], "_runtime": 590, "_timestamp": 1653755040, "_step": 2}